Name,R,OI,NI,Asset,Equity,Debt,FCFF,g,Tech,old,US,Mkt,TEV,d,PER,PSR,PBR,EV/EBITDA,CAPEX,EBITDA,Survival
Edison International,11062,5076,1035,36774,4001,17567,3550.5,9.7969,0,115,1,4919.749211,21916.74921,5.5629,4.75338088,0.444743194,0.133783358,3.625599538,933,6045,1
Barrick Gold Corp,1989,219,96,5202,3192,802,96.25,-1.6668,0,18,0,6328.540031,6349.371239,1.3766,65.92229198,3.181769749,1.216559022,8.818571166,474,720,0
Verizon Communications Inc,66713,13994,389,170795,54688,64326,1339.75,7.0696,0,18,1,128828.0047,213004.0047,3.2448,331.1773901,1.931077972,0.754284404,7.740814941,18369,27517,0
Boeing Co/The,58198,4407,2827,48978,10825,12265,4254.625,0.1765,0,85,1,30945.36401,41042.36401,1.7534,10.94636152,0.531725558,0.631821716,6.673555124,1189,6150,1
Chevron Corp,97863,8972,3288,77572,34241,17418,696.875,12.4228,0,122,1,57572.8432,59048.8432,2.9014,17.50998881,0.588300412,0.742185882,3.683416082,9713,16031,1
EI du Pont de Nemours and Co,28075,1177,-385,35515,11350,10883,495.5,3.8958,0,104,1,30465.78745,43341.78745,3.9668,-79.13191545,1.085157167,0.857828733,14.48589153,1587,2992,0
Exxon Mobil Corp,186808,21510,15320,143174,75986,10802,9685.625,7.7563,0,131,1,268832.8099,270939.8099,2.3409,17.54783354,1.439086174,1.877665008,9.228823827,9989,29358,1
Home Depot Inc/The,50528,4539,2799,25667,17369,1318,571.955,23.0265,0,23,1,119533.612,119198.612,0.392,42.70582779,2.365690548,4.657093232,24.87450167,3558,4792,1
International Business Machines Corp,83067,11331,7723,90303,23448,27151,7376.625,-2.5928,1,90,1,208370.7847,232919.7847,0.4629,26.98054962,2.508466475,2.307462484,15.31158196,5400,15212,1
Johnson & Johnson,32317,7885,5668,38488,24233,2782,5852.5,7.4193,0,115,1,180141.1422,173607.1422,1.2182,31.78213518,5.57419136,4.680449547,18.29369254,1731,9490,1
McDonald's Corp,14870,2874.5,1636.6,22534.5,9488.4,8918,688.3125,5.8998,0,61,1,34025.65599,42237.85599,0.85,20.79045337,2.288208204,1.509936142,10.66397091,1906.2,3960.8,1
Merck & Co Inc,21199,9417.2,7281.8,44021.2,20887.6,8865.3,4837.6375,-19.5009,0,110,1,133752.9417,144298.5417,2.3809,18.36811526,6.309398637,3.03837564,13.67797584,2401.8,10549.7,1
3M Co,16054,2754,1430,14606,6613,2893,2397.75,0.9669,0,99,1,46348.40938,48922.40938,2.0302,32.41147509,2.887031854,3.173244515,12.73026526,980,3843,1
Pfizer Inc,29024,10708,7788,39153,18293,8872,4894.25,3.3631,0,152,1,250525.9282,249511.9282,1.1041,32.16819828,8.631681651,6.398639395,21.36232262,2105,11680,1
Walmart Inc,212016,11677,6486,88345,35411,22883,1948,17.7815,0,56,1,256505.4181,278489.4181,0.4865,39.54755135,1.209839909,2.903451447,19.64097737,8042,14179,1
Motors Liquidation Co,169051,3166,601,322412,20453,166314,-59510.75,-2.149,0,93,1,69635.09521,217517.0952,0,115.865383,0.411917677,0.21598171,13.69927543,20770,15878,0
Cigna Corp,18607,1877,1115,91589,5055,1675,-369.625,-0.3183,0,20,1,13399.70076,13331.70076,1.3819,12.01766885,0.720142998,0.146302512,6.312358316,366,2112,1
American International Group Inc,61766,14123,5363,493061,55861,96936,-6070.375,9.6955,0,82,1,207430.7874,299676.7874,0.2115,38.67812557,3.35833286,0.42070005,19.25943364,4415,15560,1
Honeywell International Inc,23652,2748,-99,24226,9170,5270,2629.375,-0.175,0,16,1,27502.05298,31661.05298,2.2176,-277.7985149,1.162779172,1.135228803,8.612908862,876,3676,1
Altria Group Inc,63670,16295,8560,84968,23633,22102,8236.5,1.5419,0,179,1,99342.95784,122587.9578,5.0599,11.60548573,1.560278904,1.169180843,6.579430971,1922,18632,1
Intel Corp,26539,2578,1291,44395,35830,1459,-339.75,-4.9724,1,33,1,211092.4,201984.4,0.2543,163.5107668,7.95404499,4.754868792,23.06547905,7309,8757,1
International Paper Co,26363,1435,-1204,37177,12116,14669,2302.375,3.5782,0,103,1,19447.09546,35150.09546,2.4783,-16.15207264,0.737666254,0.523094802,10.63542979,1027,3305,1
Advanced Micro Devices Inc,3891.754,31.047,-60.581,5647.242,3555.055,1004.643,-301.239625,16.7002,1,32,1,5389.659947,5474.633947,0,-88.96617664,1.384892248,0.954387991,8.372100837,678.865,653.914,1
Beam Suntory Inc,5199.2,702.7,386,5270.5,2493.5,989.5,673.0875,0.9797,0,97,1,5882.638827,7480.438826,2.4248,15.23999696,1.131450767,1.116144356,8.118557441,207.3,921.4,0
American Electric Power Co Inc,12753,2223,971,39297,9135,14131,830.5,-28.2103,0,95,1,14026.88977,29947.88977,5.5134,14.4458185,1.09988942,0.356945562,8.58105724,1646,3490,1
Hess Corp,13052,1322,914,15369,4907,5665,-1194,36.1705,0,81,1,5543.340849,10974.34085,1.92,6.064924342,0.424711987,0.360683249,5.092501554,2501,2155,1
Anadarko Petroleum Corp,4718,-363,-181,16771,6365,5050,416.625,66.2989,0,42,1,14141.91554,18901.91554,0.3518,-78.13213004,2.997438647,0.843236273,5.543083735,3316,3410,0
APA Corp,2822.959,1325.625,723.399,8933.656,4859.166,2244.357,132.95975,57.0903,0,47,1,6838.06237,9828.982369,2.004,9.4526843,2.422303112,0.765427096,4.444575144,1528.984,2211.456,1
Avon Products Inc,58.603454,3.343799,1.084458,40.333438,11.260911,21.772057,3.890659,-5.5398,0,115,0,11.69287975,38.05143547,0,10.78223384,0.199525437,0.289905357,8.362528292,0.315883,4.550231,0
CR Bard Inc,1181.3,213.2,143.2,1279.9,788.7,157.2,205.175,6.7567,0,94,1,3296.273016,3260.073016,0,23.01866631,2.790377564,2.575414498,12.23751132,27.4,266.4,0
Baxter International Inc,7342,1486,601,10343,3757,2687,558.875,7.2746,0,70,1,31660.53384,34331.53384,1.0852,52.6797568,4.312249229,3.061059058,17.94643692,762,1913,1
Amcor Flexibles North America Inc,24.340541,5.185967,1.631524,38.27114,22.458446,0,9.087407,12.9821,0,159,0,17.98216645,15.13028415,8.2758,11.02169901,0.738774313,0.469862315,4.47268246,0.242271,3.382821,0
Boston Scientific Corp,2673,468,-54,3974,2015,1204,308.625,-3.0189,0,22,1,9728.5889,10836.5889,0,-180.1590537,3.639576842,2.448059612,16.03045695,121,676,1
Bristol-Myers Squibb Co,18044,5171,4662,27812,9075,6411,5818.125,4.5678,0,114,1,98677.68808,103590.6881,2.1568,21.16638526,5.468725786,3.548025603,17.56072014,1180,5899,1
Campbell Soup Co,5919,1280,616,6244,-148,4052,742.5,-6.6747,0,132,1,12236.64268,16253.64268,2.1091,19.86467968,2.067349667,1.959744183,10.46596438,200,1553,1
Lumen Technologies Inc,1679.504,425.305,343.031,6318.684,2360.628,3096.334,140.07475,0.0845,0,33,1,4628.17407,7731.46307,0.6097,13.49199947,2.755679099,0.732458542,9.288794487,435.515,832.343,1
Chubb Corp/The,7739.9,-11,111.5,29449,6525.3,1967.5,602.95,7.3533,0,119,1,11715.648,12948.448,1.971,105.0730762,1.513669169,0.397828381,153.9648989,185.2,84.1,0
CMS Energy Corp,8178,474,-459,16775,2106,8557,-876.5,17.4743,0,14,1,3195.515335,12736.51534,6.0757,-6.961907048,0.390745333,0.190492717,13.69517778,1252,930,1
Coca-Cola Europacific Partners PLC,17545,5352,3969,22417,11366,5118,2755.375,-4.6155,0,115,1,117251.309,117524.309,1.527,29.54177601,6.682890224,5.230463888,19.09412006,769,6155,0
Colgate-Palmolive Co,9084.3,1823.8,1146.6,6984.8,1050.5,3239.1,1054.725,-0.1861,0,195,1,31861.53293,35458.93293,1.2467,27.78783615,3.507318443,4.561552648,16.41617265,340.2,2160,1
Consolidated Edison Inc,9389,1593,682,17034.455,5888.353,6199.077,36.445,11.9516,0,178,1,8565.88306,14595.90106,5.4509,12.55994584,0.912331778,0.502856303,6.888108098,1263,2119,1
Target Corp,38930,2500,1262,23862,7158,9428,-3840.375,9.6287,0,99,1,37059.94,46063.94,0.5359,29.36603803,0.951963524,1.55309446,13.47292776,2528,3419,1
Eaton Corp PLC,7299,467,169,7646,2475,2440,657.125,-4.5115,0,85,0,5156.613,7461.613,2.3652,30.51250296,0.706482121,0.674419697,8.145865721,295,916,1
Ecolab Inc,2320.71,319.003,188.17,2525,880.352,745.673,52.68675,5.6276,0,78,1,5145.664932,5435.668931,1.2919,27.34583054,2.217280458,2.037887102,11.27748521,157.937,481.993,1
EMC Corp,6.005232,-1.344426,1.807941,5.598624,-13.425825,1.304266,-10.013139,-40.776,0,22,0,0.271326786,0.373368523,0,0.150075022,0.045181732,0.04846312,-0.393506617,0.038062,-0.948824,0
EOG Resources Inc,1556.203,692.829,398.616,3414.044,1642.686,855.969,-116.268625,35.8814,0,16,1,4516.558668,5353.713668,0.4091,11.33060055,2.902294025,1.322935108,4.597893537,1041.483,1164.384,1
Aon PLC,7651,871,147,22330,3515,2751,138,4.0278,0,82,0,9562.625065,8868.625064,2.5337,65.05187119,1.249852969,0.428241158,7.335504602,281,1209,1
Entergy Corp,9620.899,1547.945,750.507,25910.311,7816.542,8900.254,-689.75775,4.765,0,52,1,8644.851442,17264.80944,3.2216,11.51868196,0.898549236,0.333645221,7.609068683,2131.893,2268.978,1
Equifax Inc,1139,314.2,122.5,1422.6,243.5,755.6,280.1,2.0966,0,102,1,3313.306178,4061.634178,0.3312,27.04739737,2.908960648,2.329049753,9.661356275,13,420.4,1
XL Group Ltd,4091.014,-633.18,-576.135,27963.016,5485.714,1604.877,-5303.5755,28.6945,0,15,0,11389.49636,10862.99136,2.014,-19.76879787,2.784027715,0.40730572,-18.90494849,21.898,-574.611,0
Ford Motor Co,161269,-1359,-5453,271893,7786,167475,-96.375,0.1759,0,98,1,28466.97724,182508.9772,7.6335,-5.220424948,0.176518595,0.104699191,12.94022811,8364,14104,1
NextEra Energy Inc,8217,1439,781,17463,6015,7098,-1414.5,12.9747,0,76,1,9919.005734,16281.00573,3.9716,12.70039146,1.207132254,0.568001245,6.722132838,3259,2422,1
Freeport-McMoRan Inc,1838.866,542.926,113.025,4211.929,659.903,2338.6,364.979875,-1.2922,0,14,1,1185.203786,3822.821785,0,10.48620912,0.644529719,0.281392157,4.623551562,166.972,826.815,1
TEGNA Inc,6299.606,1589.835,831.197,13096.101,5735.922,5080.025,999.493125,11.1909,0,95,1,17805.98705,22748.53605,1.3684,21.42210216,2.826523921,1.359640327,11.18627155,324.579,2033.612,0
General Dynamics Corp,12054,1486,943,11069,4528,1935,469.25,15.9941,0,102,1,16070.18679,17730.18679,1.4063,17.04155545,1.333182909,1.451819206,10.13153531,356,1750,1
Goodyear Tire & Rubber Co/The,14162.5,256.7,-254.1,13783.4,3651.6,3568.3,1243.05,2.9773,0,103,1,3884.292399,8133.792398,2.0159,-15.28647146,0.274266012,0.281809452,9.090067499,435.5,894.8,0
WW Grainger Inc,4754.317,377.643,174.53,2331.246,1603.328,135.265,406.998625,1.265,0,74,1,4490.208,4497.82,1.4583,25.72742795,0.944448593,1.926097889,9.748856122,100.451,461.369,1
Halliburton Co,12939,977,809,10966,4793,1528,864.75,2.9251,0,82,1,5624.632388,7135.632388,3.8167,6.952574027,0.434703794,0.512915593,4.782595434,797,1492,1
Harley-Davidson Inc,3588.331,662.501,437.746,3118.495,1756.283,597.051,342.823125,17.8037,0,98,1,16441.43977,16383.51977,0.2209,37.55931468,4.581918381,5.27223541,20.08862572,290.381,815.562,0
Hershey Co/The,4137.217,671.811,207.156,3247.43,1147.204,884.898,723.682125,2.0724,0,107,1,9181.193993,10247.30499,1.7878,44.32019344,2.219171485,2.827218444,11.88362006,160.105,862.305,1
Starwood Hotels & Resorts Worldwide LLC,11009.14247,81.594835,21.251113,7137.934994,1937.252894,983.391808,-246.0187,52.3905,0,128,0,889.5666989,-627.2881548,5.3763,41.85976983,0.080802542,0.124625217,-1.970579131,494.912734,318.326803,0
CenterPoint Energy Inc,10558.991,1323.654,980.559,31266.363,6737.923,9791.082,128.01875,-12.5102,0,135,1,7713.383875,17495.89388,5.6561,7.866312863,0.730503878,0.246699108,8.676913386,1210.736,2016.373,1
Humana Inc,10194.886,208.382,117.171,4403.638,1507.949,731.246,23.99,-0.0253,0,37,1,1988.933279,2126.933279,0,16.97462067,0.195091272,0.451656853,5.749820306,115.536,369.913,1
Illinois Tool Works Inc,9292.791,1306.103,805.659,9822.349,6040.738,1640.588,1070.9185,2.5264,0,89,1,20632.80845,22367.99645,1.2994,25.60985286,2.220302646,2.100598182,13.21664563,256.562,1692.411,1
Trane Technologies PLC,8542,611.2,246.2,11133.8,4024.2,3462.6,127.9875,4.5211,0,116,0,7023.616076,10872.81608,1.6264,28.52809129,0.822244916,0.630837277,11.7252411,157.2,927.3,1
Interpublic Group of Cos Inc/The,6352.7,621.1,-534.5,11375.3,1929.4,2909,307.1125,-0.5039,0,99,1,11155.43394,13699.43394,1.2863,-20.8707838,1.756014598,0.980671625,13.92501925,257.5,983.8,1
International Flavors & Fragrances Inc,1843.766,285.661,116.002,2268.051,524.17,1167.349,254.483125,13.1741,0,168,1,2817.20639,4001.18239,2.0195,24.28584326,1.527963088,1.242126562,9.779159901,52.016,409.154,1
Kellogg Co,7548.4,1257.8,473.6,10368.6,871.5,6214.6,992.4375,3.9607,0,95,1,12234.94166,18261.64166,3.3554,25.83391397,1.620865569,1.179999388,10.76493849,276.5,1696.4,1
Kimberly-Clark Corp,13287.6,2581.8,1609.9,15007.6,6494.7,3660.1,1017.675,1.0736,0,129,1,31404.11962,35307.61962,1.8729,19.50687597,2.363415487,2.09254775,10.63034251,1099.5,3321.4,1
Kohl's Corp,6987.47,761.51,440.348,4892.587,2542.601,1274.865,-284.532125,29.2647,0,39,1,23594.2345,24860.7935,0,53.58088261,3.37664913,4.822445569,31.9216769,480.981,778.806,0
Leggett & Platt Inc,4113.8,364.2,187.6,3412.9,1866.6,1034.7,372.275,4.3357,0,118,1,4519.137267,5376.737267,2.0869,24.08921784,1.098531107,1.324134099,9.587619948,128,560.8,1
Lincoln National Corp,6378.004,864.951,545.654,98001.304,5263.484,1686.613,-1716.8715,-3.1377,0,96,1,9201.597283,8762.499282,2.5118,16.86342863,1.442707982,0.0938926,8.233350104,0,1064.269,1
EMD Millipore Corp,656.898,119.106,31.117,952.369,439.373,321.958,0.34325,7.7029,0,47,1,2898.121986,3205.280985,0.7248,93.13629161,4.411829517,3.043066276,21.38992983,72.264,149.85,0
Loews Corp,18728.2,-246.1,-587.1,75006.6,11378.2,7522.7,3672.4875,-6.5438,0,32,1,10604.89895,19340.59895,1.0834,-18.06319018,0.566252974,0.141386211,153.7408502,502.5,125.8,1
Lowe's Cos Inc,21400.677,1668.307,945.69,13531.973,6419.32,3837.471,-1042.526625,18.6895,0,80,1,35936.06019,39138.22118,0.1723,37.99983101,1.679202026,2.655640843,21.59945981,2332,1812,1
LSI Corp,1784.923,-654.369,-991.955,4625.772,2485.752,1336.138,-6.740875,-7.574,1,21,1,5789.002829,6066.828828,0,-5.835953071,3.243278746,1.251467394,-49.80689803,227.394,-121.807,0
Xerox Holdings Corp,17008,776,-94,27645,2340,18431,2147,-5.3748,1,95,1,7502.275168,22526.27517,0,-79.81143796,0.441102726,0.271379098,11.67769578,219,1929,0
IQVIA Inc,0.418169,-0.203927,0.490111,1.418365,0.622205,0.313972,-0.938024,-8.7233,0,-5,0,0.17275102,0.476511774,0,0.352473257,0.413112929,0.121795885,-8.263305481,0,-0.057666,0
Marsh & McLennan Cos Inc,9869,1763,974,13769,5173,3091,1085.375,3.8149,0,130,1,29510.50824,32267.50824,1.973,30.29826308,2.990222742,2.143257189,14.13381876,433,2283,1
Masco Corp,8015,1042,199,9021.17,3957.67,3757.49,591.275,12.7302,0,72,1,11243.5155,15115.2155,2.1224,56.50007789,1.40280917,1.246347813,11.52953127,274,1311,1
Medtronic PLC,5906.4,2005.7,821,9718.4,5831.5,2296.4,1151.85,14.5298,0,52,0,61996.24433,63944.94433,0.4452,75.51308689,10.49645204,6.379264522,29.39051539,439.7,2175.7,1
CVS Health Corp,22241.4,1119.6,413.2,8636.3,4566.9,1072.6,147.3,10.8568,0,38,1,11567.21655,12884.61655,0.7783,27.99423174,0.520075919,1.339371786,8.945165616,713.6,1440.4,1
Schering-Plough Corp/Pre-merger with Mer,393.95476,146.473102,116.485947,1733.681559,1308.900968,297.247042,207.052945,57.1086,0,49,0,1693.541932,1993.585925,6.6666,14.53859436,4.298823377,0.976847174,15.12241097,1.74573,131.8299,0
Wyeth LLC,13983.745,3690.774,2285.294,22967.922,4072.573,9454.631,-3266.089875,8.7908,0,75,1,80948.27015,87007.69215,1.4993,35.4213813,5.788740438,3.52440548,20.24139384,1924.265,4298.503,0
Motorola Solutions Inc,30486,-829,-3937,33398,13691,9727,4473.625,-3.9936,1,73,1,33430.53825,37597.53825,1.0652,-8.491373697,1.096586572,1.000974257,21.82097402,1321,1723,1
Rohm and Haas Co,18.763917,4.402524,3.239246,30.482127,27.125015,0.700913,1.153085,6.1479,0,92,0,55.11339113,47.95430293,5.3076,17.0142654,2.937200752,1.808055951,6.960119255,4.201643,6.889868,0
Anheuser-Busch Cos Inc,6503.116651,799.643811,621.549421,10597.50668,4732.858414,2747.996438,553.873553,27.4224,0,149,0,11703.18193,14898.64052,0.6829,18.82904486,1.799626634,1.104333527,10.80825149,476.402493,1378.450579,0
Wendy's International LLC,92.823,8.962,52.416,868.409,332.397,331.107,-251.856125,5.2247,0,32,1,511.347192,209.190192,0,9.755555403,5.508841472,0.588832212,13.52406206,25.386,15.468,0
Nucor Corp,4333.706754,268.762895,112.961007,3759.348176,2485.347305,460.45,85.868854,3.9664,0,43,1,4119.476408,4374.921307,1.2839,36.46812752,0.950566488,1.095795392,7.842804853,261.145658,557.826108,1
Occidental Petroleum Corp,8325,2776,1154,17850,7858,4608,1117.375,3.1784,0,81,1,9911.39377,16246.39377,3.7693,8.588729437,1.19055781,0.555260155,4.342794379,1308,3741,1
Omnicom Group Inc,6889.406,968.184,503.142,10617.414,2336.542,1549.605,658.91275,15.8802,0,57,1,16605.57757,18783.01457,0.8953,33.00375952,2.410306139,1.563994545,15.70119895,149.423,1196.279,1
Old Copper Co Inc,32035,237,-577,18341,6063,6119,794.125,3.4436,0,99,1,7096.54729,11795.54729,1.8587,-12.2990421,0.22152481,0.386922594,13.60501418,678,867,0
PepsiCo Inc,23512,4023,2400,21695,8674,3005,2479.5,-3.2015,0,103,1,85187.73731,85401.73731,1.1912,35.49489055,3.623159974,3.926606928,16.72903767,1324,5105,1
Exelon Corp,14918,3362,1428,34744,8289,15102,1258.75,65.0229,0,2,1,15363.95441,29587.95441,3.5087,10.75907171,1.029893713,0.442204536,6.422390798,2088,4607,1
ConocoPhillips,22755,3553,1661,35217,14345,9304,-1988.625,28.1688,0,84,1,22975.92635,31307.92635,2.3896,13.83258661,1.009708915,0.652410096,6.359521908,3016,4923,1
Tektronix Inc,1047.203,119.007,92.152,1425.916,1011.478,124.302,24.89675,2.6936,1,55,1,2371.785986,1738.955986,0,25.7377592,2.264876997,1.66334201,7.68460074,28.787,226.291,0
Manor Care Inc,2694.056,178.995,68.49,2424.071,1046.538,721.218,52.428875,12.3231,0,10,1,2427.170203,3149.967203,0,35.43831513,0.900935319,1.001278512,10.25533512,146.463,307.154,0
Pinnacle West Capital Corp,2634.768,676.023,312.166,7939.399,2499.323,3204.98,-308.317625,4.2708,0,16,1,3542.310731,6466.316731,3.5842,11.34752257,1.344448821,0.446168624,5.710840997,1103.436,1132.288,1
Bausch & Lomb Inc,980.195272,-21.516482,-213.921641,1068.747547,241.749624,494.209675,105.622017,-2.4952,0,77,0,258.360963,832.6595998,0,-1.207736448,0.263581115,0.241741807,4.919324712,63.593157,169.262988,0
Pitney Bowes Inc,4122.474,996.902,488.343,8318.471,1201.355,3571.75,934.50825,3.9984,0,81,1,9171.143514,12375.29451,3.0842,18.78012691,2.224669825,1.102503515,9.415517251,256.204,1314.351,0
KeySpan Corp,6514.015,800.649,224.254,11789.606,3167.062,5747.092,-179.384125,48.4821,0,106,1,4819.294136,10611.74414,5.137,21.49033746,0.73983467,0.408774826,7.803975281,1059.759,1359.787,0
Raytheon Co,331.448059,28.533366,-11.342086,240.942607,58.603927,78.033375,20.219315,5.3648,0,47,0,164.174877,248.2305069,5.8749,-14.47483972,0.495326108,0.681385825,5.194378484,22.954671,47.788298,0
Robert Half International Inc,2452.85,187.765,121.107,994.162,805.696,2.682,138.966125,8.559,0,53,1,4682.71283,4384.34183,0,38.66591386,1.90909058,4.710211042,16.80590702,84.695,260.881,1
Rowan Cos Ltd,731.064,124.631,76.998,1938.955,1108.087,480.942,-58.453375,25.9893,0,78,0,1815.724585,2098.765584,0,23.58145127,2.483673912,0.936444933,10.86711326,305.18,193.13,0
Ryder System Inc,5006.123,264.485,18.678,4927.161,1230.669,1708.684,-176.982,0.5429,0,68,1,1343.780199,2993.845199,2.7088,71.94454433,0.268427324,0.272729103,3.323234204,656.597,900.883,0
Safeway Inc,34301,2598.9,1253.9,17462.6,5889.6,7271.5,-1483.7,9.0199,0,75,1,20954.325,27291.625,0,16.71132068,0.610895455,1.199954474,7.716910309,1793,3536.6,0
Equity Office Properties Trust,8558.05877,153.250223,-50.133571,6450.311664,1880.409617,2043.098842,-249.343277,50.1675,0,72,0,1256.814953,2797.153332,0,-25.06932835,0.146857481,0.194845616,5.476295657,390.204808,510.774711,0
Symbol Technologies LLC,1487.456,59.455,-17.769,1705.371,999.115,312.121,-1.10825,14.2628,1,28,1,3626.753927,3753.384927,0.1259,-204.1056856,2.438226023,2.12666565,25.01489495,99.489,150.046,0
Sherwin-Williams Co/The,5066.005,489.774,263.158,3627.925,1487.764,615.369,533.167875,0.6193,0,135,1,4247.212249,4961.837248,2.1076,16.13940009,0.838375061,1.170700124,7.778734994,82.572,637.872,1
Snap-on Inc,2095.7,159.9,19,1974.3,775.8,474.6,237.05,2.2088,0,81,1,1948.947929,2476.047929,2.852,102.5762068,0.929974676,0.987158957,10.86462452,53.6,227.9,1
Southern Co/The,10155,2391,1262,29897,8352,12904,-131.625,4.4003,0,56,1,17621.58883,30279.25283,5.2859,13.96322411,1.735262317,0.589409935,8.076621186,2617,3749,1
Golden West Financial Corp,40.3958,3.579724,2.121964,27.578265,12.042872,0.853146,1.06189,-0.9349,0,118,0,9.1882674,12.9490872,0,4.330076948,0.227456008,0.333170611,3.115837487,1.700983,4.155893,0
Kerr-McGee Corp,3555,723,486,11076,3174,4574,-612,13.8431,0,72,1,5490.1928,9233.1928,3.2846,11.296693,1.544358031,0.495683713,6.011193229,1864,1536,0
Schneider Electric IT Corp,1404.784,148.953,113.365,1420.772,1221.388,0,46.617625,2.2009,0,20,1,2827.378376,2499.832375,0,24.94048759,2.012678373,1.990029629,12.20091062,47.859,204.889,0
Textron Inc,11976,747,166,16052,3934,7145,129.375,0.5132,0,78,1,5856.350793,13833.35079,3.1355,35.27922164,0.489007247,0.364836207,11.12900305,527,1243,1
Thermo Fisher Scientific Inc,2188.21,192.904,-0.781,3825.07,1915.043,1256.49,596.331375,-2.3462,0,45,1,4242.08572,4486.93772,0,-5431.607836,1.938609969,1.109021722,15.3965436,84.799,291.425,1
BASF Catalysts LLC,5096.926,327.223,225.561,2995.549,1003.506,626.904,153.6725,6.5681,0,93,1,3592.751982,4155.515982,1.445,15.92807259,0.70488604,1.19936345,9.536686974,168.882,435.74,0
Globe Life Inc,2708.219,647.112,356.513,12428.153,2497.127,884.746,653.28525,10.2788,0,22,1,4883.815877,5678.185877,0.9153,13.69884374,1.803331221,0.392963933,8.696416295,3.692,652.934,1
Guidant LLC,2641.6,783.4,484,2916.8,1545.8,760,458.575,5.971,0,7,1,15175.40659,15663.70659,0,31.35414585,5.744778389,5.202758705,16.94472803,149.1,924.4,0
Union Pacific Corp,10830,2018,966,31551,9575,9580,343.75,-1.8277,0,139,1,14159.31346,23943.31346,1.4035,14.65767439,1.307415832,0.448775426,7.615557715,1572,3144,1
UnitedHealth Group Inc,23454,1566,913,12486,3891,1584,1136,9.4969,0,24,1,22064.77569,21979.77569,0.0423,24.16733373,0.940768129,1.767161276,12.00424669,425,1831,1
Maytag Corp,4185.051,298.908,47.736,3131.051,123.688,1213.898,152.972,1.6136,0,108,1,2381.92486,3885.79986,2.3203,49.89787288,0.569150737,0.760742913,8.486447105,145.569,457.883,0
Unum Group,9002.5,923.4,541.2,42442.7,5939.9,2466,699.825,-1.7687,0,153,1,6416.841432,8805.541431,2.2255,11.85669149,0.712784386,0.151188342,8.719221142,0,1009.9,0
Marathon Oil Corp,28392,2842,157,16129,6903,3647,1684.625,20.4304,0,114,1,9281.79267,12591.79267,3.0666,59.11969854,0.326915775,0.575472296,3.125289816,1533,4029,1
Reebok International Ltd,2992.878,184.44,102.726,1543.173,742.557,370.301,145.12125,1.5909,0,22,1,1560.903,1772.392,0,15.19481923,0.521539134,1.011489315,8.017732822,27.402,221.059,0
VF Corp,5220.417,568.845,137.83,4103.016,2156.647,982.631,658.134625,-3.0288,0,102,1,4328.941762,5263.427762,2.3583,31.40783401,0.829232945,1.055063339,7.105509883,78.32,740.753,1
Georgia-Pacific LLC,25016,1481,-407,26364,4905,13077,1569.875,16.5719,0,74,1,6343.9497,19637.9497,1.8109,-15.5871,0.253595687,0.240629256,6.941657724,770,2829,0
Vulcan Materials Co,2865.632,393.309,222.68,3413.256,1699.418,967.442,197.49625,4.8275,0,92,1,4856.13024,5920.72424,1.8773,21.8076623,1.694610557,1.42272664,8.816925592,286.854,671.518,1
Gillette Co/The,8084,1670,910,9969,2179,4317,1480.125,-5.6127,0,101,1,35248.01305,39266.01305,1.9461,38.73408027,4.360219328,3.535762168,18.02019874,624,2179,0
Unocal Corp,6708,1085,615,10425,3573,3428,129.5,6.2056,0,18,1,8800.758098,12253.7581,2.2179,14.31017577,1.311979442,0.844197419,5.410047725,1727,2265,0
Great Lakes Chemical Corp,1352.8,7.2,-289.5,1689,655.6,511.7,97.5,-5.0429,0,68,1,1218.540554,1712.440554,1.3179,-4.209121085,0.900754401,0.721456811,19.61558481,166.2,87.3,0
AES Corp/The,6299,1880,273,36812,7069,19855,-1112.375,23.693,0,20,1,8715.430579,31615.43058,0,31.92465414,1.383621302,0.23675515,11.54269097,3278,2739,1
Sears Roebuck and Co,40990,3135,735,44317,7395,25635,-6363,1.8893,0,115,1,15368.61217,41885.61217,1.9311,20.90967642,0.374935647,0.346788189,10.47664136,1126,3998,0
Molson Coors Beverage Co,2429.462,174.779,122.964,1739.692,951.312,108.038,43.104125,4.225,0,128,1,1928.81601,1733.23901,1.5355,15.68602201,0.793927219,1.108711203,5.858110015,243.003,295.87,1
Nordstrom Inc,5793.022,216.27,100.997,3975.151,1273.79,1292.07,-33.666875,4.729,0,100,1,2719.072424,3990.777423,1.7795,26.92230882,0.469370291,0.684017393,8.923282375,330.347,447.232,0
Biogen MA Inc,1042.312,360.198,272.683,1721.046,1348.832,47.185,84.0355,14.5433,0,23,1,8482.181179,7745.676179,0,31.10638059,8.13785237,4.928503468,19.49966437,191.019,397.221,0
St Jude Medical Inc,1968.10419,-7.99865,-9.59838,7756.65448,358.92124,21.23278,-41.502086,11.2265,0,10,0,2171.552914,2106.109414,0.7142,-226.2416068,1.103372944,0.27995999,-1448.194605,7.85322,-1.4543,0
Stryker Corp,2602.3,472.6,267,2423.6,1056.2,722.6,320.4375,11.221,0,60,1,11476.1257,12219.8257,0.137,42.98174419,4.409993352,4.735156668,18.95722262,161.9,644.6,1
Time Warner Inc,33507,866,-4934,208504,155618,22840,9153.5,141.9457,0,16,1,142082.2143,164867.2143,0,-28.79655741,4.240374079,0.681436396,18.55567972,3047,8885,0
Immunex Corp,986.805,103.034,169.963,2295.308,2063.68,0,-157.245,34.9674,0,20,1,15091.67482,14075.56881,0,88.79388346,15.29347218,6.575010768,104.928799,271.202,134.144,0
Pall Corp,1231.391,178.312,111.822,1479.635,761.506,403.594,85.731625,3.78,0,55,1,2938.73652,3215.41152,2.8262,26.28048613,2.386517784,1.986122605,12.57488833,77.834,255.701,0
Waste Management Inc,11322,1558,503,19490,5405,8224,926.75,-7.1293,0,14,1,20033.14893,27910.14893,0.0313,39.82733385,1.769400188,1.027868083,9.528900283,1328,2929,1
Allergan Ltd/Ireland,26746.21549,3334.817453,2134.461264,235138.9136,14178.98486,9875.333926,982.079252,19.119,0,18,0,38500.88233,44930.0898,2.4344,18.03775172,1.439488975,0.163736753,13.19468903,172.751558,3405.164737,0
Allstate Corp/The,28865,1725,1158,109175,17196,4121,324,3.4746,0,70,1,24028.97367,28041.97367,2.2551,20.75040904,0.832460546,0.220095935,14.16261297,186,1980,1
Equity Residential,1865.5,696.663,474.023,12235.625,6049.772,5742.758,775.31825,3.3513,0,35,1,7774.673981,14954.54698,6.0257,16.40146993,4.167608674,0.635412901,13.49823582,9.381,1107.889,1
Eastman Chemical Co,5390,281,-175,6092,1382,2266,-33.625,8.3647,0,81,1,3008.719783,5224.719783,4.5105,-17.19268447,0.558204041,0.493880463,7.297094669,234,716,1
Lexmark International Inc,4104.3,428.7,273.6,2449.9,1075.9,160.1,-112.875,9.0348,1,10,1,7669.478027,7897.678027,0,28.03171793,1.868644599,3.130526971,14.25573651,214.4,554,0
Hartford Financial Services Group Inc/Th,15980,356,507,181593,9013,3976,1574.5,8.6855,0,191,1,14959.00671,18577.00671,1.5915,29.50494421,0.936108055,0.08237656,42.12473177,209,441,1
Allegheny Technologies Inc,2128,66.9,-25.2,2643.2,944.7,582.2,85.625,-3.7302,0,41,1,1344.366943,1891.266942,4.7761,-53.34789456,0.631751383,0.508613402,11.7397079,104.2,161.1,0
Yum! Brands Inc,6953,866,492,4425,104,2248,180.75,-5.7183,0,4,1,7175.80181,9299.80181,0,14.58496303,1.032043982,1.621650127,7.622788369,636,1220,1
FirstEnergy Corp,7881.383,1685.122,646.447,37351.513,7944.199,14444.718,780.793875,11.6747,0,5,1,7834.875668,15394.82467,4.2881,12.11990413,0.99409909,0.209760597,5.759703937,852.449,2672.85,1
Ameren Corp,3745,965,469,10401,3588,3615,-347.793,2.912,0,120,1,5821.446132,9265.748132,6.0047,12.4124651,1.554458246,0.559700618,6.618391523,1126,1400,1
Marriott International Inc/MD,2531,517,236,9107,3478,2740,-667,-46.1836,0,74,1,9795.874332,11239.87433,0.6386,41.50794208,3.870357302,1.07564229,15.20957284,560,739,1
Sealed Air Corp,3067.5,420.2,156.7,3907.909,2216.306,925.602,509.846,2.2871,0,41,1,3417.646847,5820.886846,0,21.81012666,1.114147301,0.87454617,9.083780971,146.3,640.8,1
Sempra Energy,7730,997,518,15080,2896,4753,2165.125,20.0901,0,3,1,5086.661014,9119.661014,4.0733,9.819808907,0.658041528,0.337311738,5.786586938,1068,1576,1
Moody's Corp,796.7,398.5,212.2,505.4,-304.1,300,309.95,18.8313,0,101,1,6218.16,6343.46,0.4515,29.30329877,7.804895193,12.30344282,15.34460571,14.8,413.4,1
DTE Energy Co,5787,933,332,18881,4589,9126,-257.641,10.6338,0,98,1,6821.64413,15595.64413,4.9117,20.54712087,1.17878765,0.36129676,9.02525702,1096,1728,1
MetLife Inc,31216,959,473,256970,16062,17900,2359.175,11.4576,0,138,1,22960.82981,36162.82981,0.6313,48.54298057,0.735546829,0.08935218,25.11307626,0,1440,1
Progress Energy Inc,8129,1279,542,20890.701,6096.364,10249.326,4.376,55.4285,0,76,1,9849.81753,19849.34253,4.8412,18.17309507,1.211688711,0.471492916,7.799348735,1643,2545,0
Janus Capital Group Inc,1536.8,618,302.3,3391.9,1386.6,1094.2,523.7875,12.591,0,32,1,6024.727213,6352.927213,0,19.92963021,3.92030662,1.776210152,8.519414259,33.3,745.7,0
ITT Inc,4675.7,494.5,276.7,4508.4,1375.8,973.4,167.0125,0.4684,0,81,1,4464.011181,5436.01118,1.1881,16.13303643,0.954725748,0.990154197,7.684494176,174,707.4,0
Zimmer Biomet Holdings Inc,1178.6,248.3,149.8,745,78.7,363.9,84.6625,12.0401,0,74,1,5918.986246,6303.886246,0,39.51259176,5.022048401,7.944947981,23.20164242,54.7,271.7,1
RS Legacy Corp,4775.7,482.2,166.7,2245.1,778.1,670.9,581.125,7.5829,0,102,1,5395.156133,5893.056133,0,32.36446391,1.129710018,2.403080546,9.979773299,139.2,590.5,0
Qwest Communications International Inc,16530,-964,-5603,72166,35413,25037,-4829.625,11.9813,0,18,1,23525.68309,47905.68309,0.3538,-4.1987655,1.423211318,0.325994001,10.88765525,8042,4400,0
Hasbro Inc,2856.339,209.535,59.732,3368.979,1352.864,1201.977,272.651375,-17.8479,0,78,1,2803.762915,4235.084915,0.7393,46.93904298,0.981593191,0.832229264,9.726123626,50.045,435.434,1
Office Depot Inc,11082.112,396.992,201.043,4331.643,1848.438,636.073,533.629125,3.8681,0,15,1,5691.34124,5795.83924,0,28.30907438,0.513561065,1.313898962,9.737387734,208.056,595.215,0
Pactiv LLC,2812,391,193,4060,1697,1218,337.5,-3.6327,0,42,1,2827.6815,4061.6815,0,14.65119948,1.005576636,0.696473276,7.150847711,145,568,0
KB Home,4574.184,386.087,214.217,3692.866,1156.145,1706.009,-52.905625,9.1945,0,44,1,1690.764852,3361.304852,0.7481,7.892766923,0.369632016,0.457846251,7.817988003,12.189,429.945,0
MBIA Inc,1460.908,1167.591,570.091,16199.685,4782.638,7463.427,831.312375,23.0773,0,28,1,7959.405654,14833.60965,1.1187,13.9616406,5.448259339,0.49133089,12.52623887,6.76,1184.203,0
Mattel Inc,4687.924,629.52,298.919,4509.817,1738.458,1269.117,512.9675,1.0007,0,56,1,7404.200616,9339.663616,1.5697,24.76992301,1.579419934,1.641796245,10.47014625,194.651,892.028,0
Jones Group Inc/NY,4098.6,497.6,236.2,3373.5,1905.4,984.3,373.925,14.0549,0,31,1,4161.476025,5555.776025,0,17.6184421,1.015340854,1.23357819,9.011802149,56.4,616.5,0
Transocean Ltd,2820.1,533.9,252.6,17047.8,10910.3,5023.8,-39.25,108.5824,0,75,0,15410.05119,19840.05119,0.3547,61.00574501,5.464363387,0.903931955,17.11972663,506.2,1158.9,0
Hercules LLC,451.785,99.204,126.018,1371.831,1056.011,50,-122.51725,-2.2679,0,81,1,1664.303334,1591.341333,0,13.20686992,3.683839291,1.213198516,9.185602495,184.668,173.243,0
MGIC Investment Corp,1314.46,919.152,639.137,4567.012,3020.187,472.102,497.550625,14.8364,0,44,1,6615.514612,6811.227612,0.162,10.35069885,5.032876323,1.448543295,7.344172153,0,927.433,0
OfficeMax Inc,7422.175,207.189,-42.501,4933.968,1750.853,1583.834,235.32925,1.8974,0,88,1,1974.347939,3772.993939,1.7641,-46.45415258,0.266006654,0.400154184,7.813005142,340.758,482.912,0
Brunswick Corp/DE,3370.8,191.1,81.8,3157.5,1110.9,640.2,343.975,-2.437,0,156,1,1909.08487,2400.484869,2.2977,23.33844584,0.566359579,0.60461912,6.82925994,111.4,351.5,0
Ambac Financial Group Inc/Old,946.787,608.456,432.906,12339.543,2983.688,2466.466,325.83875,33.2448,0,10,1,6106.146207,7950.249207,0.6221,14.10501635,6.449334652,0.494843789,12.99198315,0,611.935,0
Altera Corp,839.376,-5.51,-39.782,1361.427,1114.5,0,-195.53875,0.1644,1,18,1,8173.495834,7422.811833,0,-205.4571372,9.737585819,6.003624017,152.2066075,65.758,48.768,0
Energy Future Holdings Corp,9890,1973,677,42318,8167,14221,-360,-23.9899,0,5,1,12499.60418,34369.60418,5.0901,18.46322626,1.26386291,0.295373226,11.47566083,1281,2995,0
NCR Corp,5917,195,217,4855,2049,148,107.625,-2.2774,1,120,1,3580.690132,3465.690132,0,16.50087618,0.605152971,0.737526289,6.324252066,258,548,0
Louisiana-Pacific Corp,1591.6,-77.6,-171.6,3014,1080.9,1189.7,131.8125,-28.0163,0,29,1,881.618591,1994.41859,0,-5.137637477,0.553919698,0.292507827,16.95934175,74.7,117.6,0
Cooper Tire & Rubber Co,3154.702,187.076,18.166,2764.25,910.24,1115.17,192.481125,19.8475,0,87,1,1158.28104,2295.98904,2.6315,63.76092921,0.367160207,0.419021811,6.085991656,136.387,377.258,0
Cisco Systems Inc/Delaware,20222,1242,-2080,35540,27470,0,3518.25,35.3273,1,17,1,132835.2521,125495.2521,0,-63.86310197,6.568848388,3.737626677,27.85069953,2271,4506,0
Genzyme Corp,1223.63,63.023,-112.156,3935.745,2609.189,872.023,-8.38175,25.8738,0,20,1,12967.8538,13468.0238,0,-115.6233621,10.5978554,3.294891767,55.6456328,184.304,242.032,0
Sigma-Aldrich Corp,33.217666,13.773675,25.799282,220.163568,208.676053,0,-23.748537,7.4051,0,4,0,173.3774358,137.6103816,0,6.720242672,5.219434617,0.787493759,5.516417223,14.195422,24.945608,0
Cincinnati Financial Corp,2561,260,193,13914,5998,609,-107.875,9.7031,0,51,1,6162.251878,6632.520878,2.2021,31.92876621,2.406189722,0.442881406,23.27200308,15,285,1
Novellus Systems Inc,1339.322,220.192,144.47,3031.124,1871.994,888.838,-1047.26325,42.7752,1,17,1,5654.013726,5608.426726,0,39.13624784,4.221549206,1.865319177,20.60966878,79.965,272.126,0
Microsemi Storage Solutions Inc,322.738,-191.107,-639.054,855.341,277.544,275.47,155.996125,4.4598,1,18,1,3585.369754,3341.509753,0,-5.610433162,11.10922716,4.191743122,-35.89470366,27.84,-93.092,0
Staples Inc,10929.985,474.558,59.497,4067.636,1926.6,549.567,180.163625,22.4107,0,15,1,8632.22733,9070.47933,0,145.0867662,0.789774856,2.122173009,12.75102422,450.217,711.353,0
Citrix Systems Inc,591.629,135.931,105.26,1208.23,647.33,346.214,115.06625,21.1208,1,12,1,4253.684759,4381.349758,0,40.41121755,7.189784069,3.520591906,20.32929699,60.557,215.519,1
Monster Worldwide Inc,874.574,173.46,69.02,2206.362,1229.262,75.964,130.5845,-6.8183,0,34,1,4727.48692,4483.46092,0,68.49444972,5.405473888,2.142661503,20.80289587,57.235,215.521,0
NVIDIA Corp,1084.001,184.888,130.483,1247.35,610.636,310.955,201.3915,115.5597,1,8,1,9671.987358,9265.777358,0,74.12450172,8.922489332,7.754028427,64.40874299,36.329,143.859,1
Nabors Industries Ltd,2214.637,522.278,357.45,4151.915,1857.866,1570.126,-166.0395,84.9539,0,49,0,4836.128894,5465.759894,0,13.52952551,2.183711775,1.164794774,7.674753493,712.605,712.174,0
Power-One Inc,363.727,-121.976,-185.903,541.903,450.203,11.283,43.077375,23.8425,1,28,1,820.53702,763.73202,0,-4.413791171,2.255914518,1.514176928,-8.210936203,30.539,-93.014,0
Crane Co,1587.18,173.9,88.62,1292.115,653.179,304.186,155.245625,1.073,0,146,1,1529.862085,1870.975085,1.56,17.26316954,0.963886947,1.183998394,7.52877182,32.144,248.51,0
Deluxe Corp,1278.375,308.2,185.9,537.721,78.605,161.465,280.817625,-3.1825,0,86,1,2759.124393,2857.962392,3.5594,14.84198167,2.158305969,5.131144949,7.478014119,28.775,382.182,0
ABB Installation Products Inc,1497.491,-15.952,-146.39,1761.61,683.285,672.037,127.357,-10.6002,0,103,1,1229.829619,1733.664618,0,-8.401049382,0.821260107,0.6981282,27.18024298,38.994,63.784,0
Tupperware Brands Corp,1114.4,140.9,61.5,845.7,126.6,367.7,71.6875,2.3506,0,55,1,1118.847634,1542.847633,4.5714,18.19264446,1.003991057,1.322984077,8.18486808,54.8,188.5,0
McDermott International Inc,1888.078,42.902,-20.022,2103.84,770.11,309.899,211.28475,-15.439,0,42,1,756.85041,1017.70041,0,-37.80093947,0.400857597,0.359747134,9.677085845,45.008,105.166,0
Encompass Health Corp,3452.437,240.395,-191.225,4578.266,64.984,3559.224,63.683625,-3.7849,0,18,1,5813.880072,8879.208072,0,-30.40334722,1.683993096,1.269886912,14.94685326,243.717,594.052,0
Comcast Corp,5937,-1325,609,38261,15353,12202,-1020.025,-4.6428,0,38,1,66795.69535,78674.79535,0,109.6809447,11.25074875,1.745790632,40.38747195,2039,1948,0
Nortel Networks Corp,18900,-10051,-25722,21202,5743,4849,4693.75,-1.872,1,106,0,23892.47069,21223.47069,0,-0.928872976,1.264151888,1.126897023,-4.838912605,1302,-4386,0
Caterpillar Inc,20450,1464,805,30585,5611,16602,1171.125,1.8806,0,76,1,17935.1747,33994.1747,2.6794,22.27972012,0.877025658,0.586404273,12.91081455,1968,2633,0
Unilever NV,45871.77203,4555.654496,1495.992876,46986.64291,6818.343721,22707.03473,4411.731967,12.1224,0,107,0,34140.83345,55441.49383,0,22.82152141,0.744266723,0.726607209,8.096332585,1367.764915,6847.729296,0
Coca-Cola Co/The,17545,5352,3969,22417,11366,5118,2755.375,-4.6155,0,115,1,117251.309,117524.309,1.527,29.54177601,6.682890224,5.230463888,19.09412006,769,6155,0
Walt Disney Co/The,24755,2621,316,50462,23222,15767,335.625,3.5956,0,78,1,42240.04134,51773.04134,1.0135,133.6710169,1.706323625,0.837066334,11.28936793,1795,4586,0
Sapient Corp,346.461,-94.445,-189.768,474.87,381.214,0,-1.636125,11.8689,1,11,1,975.36024,740.21824,0,-5.139750854,2.815209331,2.053952113,-15.4128647,18.088,-48.026,0
General Electric Co,126338,20435,13684,495023,60039,232882,-24956.75,6.6192,0,123,1,398104.8182,607565.8182,1.7964,29.09272275,3.151109074,0.80421479,22.04520385,16394,27560,0
HP Inc,45226,1883,408,32584,13953,5451,1872.75,3.3141,1,62,1,39827.04061,40942.04061,1.5579,97.61529561,0.880622664,1.222288258,12.58980339,1527,3252,0
Procter & Gamble Co/The,39262,7132,2976,41372,13079,16649,6089.25,1.4569,0,164,1,102522.5882,113750.5882,1.9208,34.44979441,2.611242121,2.478067006,13.02984973,2486,8730,0
AT&T Inc,45908,10508,7008,96322,32919,26166,-7.875,-3.7268,0,18,1,131672.3305,156469.3305,2.6173,18.78885995,2.868178324,1.367001625,7.989243324,11189,19585,0
Raytheon Technologies Corp,27897,3233,1938,27010,9348,4959,1715.375,7.5293,0,9,1,30281.69418,34582.69418,1.3925,15.6252292,1.085482101,1.121128996,8.357345138,793,4138,0
Microsoft Corp,26847,11487,6082,65387,51548,0,7635.375,13.1814,1,26,1,356806.1724,320643.1724,0,58.66592771,13.29035543,5.456836563,24.18853141,1103,13256,0
Abbott Laboratories,16285.246,3431.432,1550.39,23296.423,9059.432,7288.828,1626.141,11.1677,0,113,1,86550.51648,93013.94148,1.5067,55.8249966,5.314658218,3.715184794,20.22284001,1163.707,4599.45,0
Air Products and Chemicals Inc,5698.5,793.2,443.7,8038.9,3291.5,2404.6,252.1625,7.7783,0,61,1,10107.3515,12674.0515,1.7053,22.77969688,1.773686322,1.257305291,8.991877619,708.3,1409.5,0
Allergan Inc/United States,1202.4,284.7,224.9,2046.2,978.6,519.9,321.225,-9.0126,0,53,1,9845.6594,9729.2594,0.4796,43.77794309,8.188339488,4.811679894,28.81036245,84.1,337.7,0
Analog Devices Inc,2276.915,464.193,356.377,4884.863,2843.026,1212.47,342.694375,25.2947,1,36,1,16058.93164,14471.74264,0,45.06163876,7.052934183,3.287488643,21.44969213,297.236,674.683,0
Archer-Daniels-Midland Co,21143.317,836.095,430.891,15194.587,6460.766,4535.917,690.983875,2.5955,0,99,1,9489.690172,12709.63117,1.3379,22.02341235,0.448826935,0.624544134,9.982752485,273.168,1273.159,0
AutoZone Inc,4930.671,589.216,205.815,3504.852,910.268,1280.642,340.369625,8.189,0,22,1,7666.999727,8940.356726,0,37.25189965,1.55496072,2.187538797,13.22839334,169.296,675.846,0
Avery Dennison Corp,3755.5,399.7,243.2,2909.6,929.4,849.7,177.825,-0.1687,0,66,1,5527.61923,6399.719229,2.1227,22.72869749,1.471873048,1.899786648,11.56854524,133,553.2,0
Ball Corp,3686.1,245.8,-99.2,2313.6,513.8,1064.1,293.9375,-0.285,0,121,1,1937.375373,3077.075372,0.8509,-19.52999368,0.525589477,0.837385621,7.725521898,119,398.3,0
Becton Dickinson and Co,3826.71,685.932,464.377,4763.257,2354.764,1255.677,471.457375,4.6844,0,104,1,8575.872711,9766.70871,1.1463,18.46747946,2.241056341,1.800422003,10.35201144,370.754,943.46,0
Best Buy Co Inc,18079,662,410,7502,2143,378,641.896,22.8472,0,35,1,15704.85649,15107.85649,0,38.30452802,0.868679489,2.093422619,19.46888723,688,776,0
H&R Block Inc,3042.63,720.457,323.768,4199.631,913.752,1781.73,716.851375,34.6377,0,46,1,8166.662331,9011.07233,1.4317,25.22380943,2.68408,1.94461426,9.675051784,92.411,931.372,0
Brown-Forman Corp,1684.8,362.6,229.6,2092.7,1251.2,309.2,121.95,-2.0728,0,131,1,4313.835507,4528.935507,0,18.78848217,2.560443677,2.06137311,10.3400354,96,438,0
Carnival Corp,4549,1076,926,11563.552,6590.777,2976.618,-5.898,14.0462,0,29,1,16459.49206,17964.58606,1.4957,17.77482943,3.618266005,1.423394131,12.40648208,827,1448,0
Clorox Co/The,3935,691,291,3753,1712,881,803.5,-0.3481,0,88,1,9198.425412,9983.425412,2.1238,31.60970932,2.337592227,2.450952681,11.14221586,190,896,0
Computer Sciences Corp,60.258442,4.35521,0.984266,53.665508,8.426599,36.950494,9.258312,-4.7388,0,33,0,10.87570918,47.21959338,0,11.04956301,0.180484407,0.202657342,4.291709457,1.773432,11.002514,0
Conagra Brands Inc,27778.3,1480.6,657.2,17062.5,4658,7506.6,923.2,0.434,0,82,1,12770.90895,20877.80895,3.7862,19.43230211,0.459744079,0.74847818,10.25130558,511.1,2036.6,0
Big Lots Inc,3407.043,90.613,68.457,1771.211,918.849,399,106.90125,13.3488,0,34,1,1189.4064,1573.0314,0,17.3745037,0.349102257,0.671521575,6.349115259,114.847,247.756,0
Cooper Industries PLC,4209.5,475.2,231.3,4611.4,2023.2,1300.8,342.9625,4.3089,0,168,1,3270.906499,4661.606499,4.0091,14.14140294,0.777029695,0.709308778,7.045959037,115.1,661.6,0
Corning Inc,6047,-331,-5498,12793,5540,4940,-205.5,12.9367,1,150,1,8436.135617,11238.13562,0,-1.534400803,1.395094364,0.659433723,15.41582389,1741,729,0
CSX Corp,8110,1017,293,20801,6120,7108,-591.125,-11.587,0,23,1,7471.338218,13786.33822,1.1503,25.49944784,0.921250089,0.359181684,8.411432714,930,1639,1
Cummins Inc,5681,72,-103,4311,1067,1236,211,-7.4959,0,82,1,1476.08154,2715.08154,3.1136,-14.33088874,0.259827766,0.342398873,9.020204452,206,301,0
Danaher Corp,3782.444,575.737,297.665,4820.483,2228.586,1191.689,561.03375,8.7674,0,32,1,8619.639872,9169.275872,0.1326,28.95751893,2.27885459,1.788127844,12.15879536,84.457,754.127,0
Deere & Co,13280.9,575.1,-64,22663.1,3992.2,12759.2,-782.475,6.311,0,164,1,10364.0693,22681.9693,2.0155,-161.9385829,0.780374019,0.457310311,17.53670118,1266.2,1293.4,0
Dominion Energy Inc,10558,1890,544,34369,8752,16464,397.125,38.2997,0,18,1,14959.4754,29347.4754,4.2928,27.49903566,1.416885338,0.435260712,9.136822976,2217,3212,0
Dover Corp,4223.245,331.07,248.537,4623.932,2519.281,1075.257,548.0465,-0.0618,0,54,1,7503.674651,8541.36265,1.4567,30.19137855,1.776755706,1.622790874,15.84918336,158.773,538.915,0
Duke Energy Corp,17946,3615,1898,48531,15182,15592,-2372.625,-9.1982,0,-4,1,91414.16668,108320.1667,0,48.16341764,5.093846355,1.883624213,21.38601514,5700,5065,0
PerkinElmer Inc,1525.339,175.059,34.505,2969.938,1363.557,724.109,276.500625,20.4802,0,64,1,3560.451322,4249.565321,0.7995,103.186533,2.334203296,1.198830185,16.12548551,94.382,263.531,0
Emerson Electric Co,14855.5,2227,-8.4,15498.1,6339.7,5431.8,1581.775,3.5851,0,111,1,24018.37291,28465.87291,2.7152,-2859.330108,1.616800034,1.549762417,9.129529477,554,3118,0
Family Dollar Stores Inc,14865,1748,503,17534,5746,6256,1176.375,4.0601,0,171,1,7839.549592,13799.54959,0,15.58558567,0.527383087,0.4471056,5.704650513,720,2419,0
FedEx Corp,20127,972,576,13691,6253,2096,-211.469,8.1776,0,30,1,15466.56075,17611.56075,0,26.85166797,0.76844839,1.129688171,7.12730099,1893,2471,0
Macy's Inc,14865,1748,503,17534,5746,6256,1176.375,4.0601,0,171,1,7839.549592,13799.54959,0,15.58558567,0.527383087,0.4471056,5.704650513,720,2419,0
FMC Corp,1943,182.6,-337.7,2477.2,263.6,979.5,598.55,-8.4949,0,118,1,1857.498965,3081.598965,0,-5.500441116,0.95599535,0.74983811,9.80776246,145.6,314.2,0
Franklin Resources Inc,2408.976,513.531,453.775,6089.603,4092.117,592.068,328.472125,2.0203,0,54,1,9215.955037,8193.377036,0.7374,20.30952573,3.825673247,1.513391766,11.02015768,107.326,743.49,0
Gap Inc/The,14337.336,826.507,298.147,8342.117,3053.627,2552.275,387.103375,22.8876,0,32,1,12055.9803,13808.7453,0.6312,40.43636293,0.840880084,1.445194343,6.785204109,1882.125,2035.126,0
General Mills Inc,5125.9,1212.9,622.4,17124.3,3552.7,10010.5,-369.2125,-6.5899,0,135,1,14838.22052,18227.62052,2.1149,23.8403286,2.894754194,0.866500851,12.66686624,307,1439,0
Genuine Parts Co,8220.668,663.151,297.147,4206.646,2390.9,924.34,346.044375,1.6828,0,73,1,6356.900438,7085.433438,3.1062,21.39311667,0.773282711,1.511156498,9.46056506,41.944,748.944,0
International Game Technology,1230.273,258.608,217.534,1900.036,355.561,989.227,228.21825,18.4927,0,21,1,4976.543446,5559.703446,0,22.87708333,4.045072473,2.619183766,17.59416528,97.757,315.997,0
Kroger Co/The,50661,2700,1060,19137,3205,8662,45.875,37.481,0,118,1,16704.73806,25223.73806,0,15.75918685,0.329735656,0.872902652,7.121326386,1623,3542,0
Eli Lilly & Co,11542.5,3729.8,2780,16434.1,7104,3418.4,1879.8125,7.4204,0,125,1,85259.88505,85260.58505,1.426,30.6690234,7.386604726,5.187986264,20.37436018,884,4184.7,0
AT&T Corp,42197,8868,7715,165481,54983,38879,3263.375,-12.3875,0,116,1,64179.88415,116777.8842,0.8269,8.318844349,1.52095846,0.387838387,8.697243178,5767,13427,0
Avis Budget Group Inc,8693,1610,385,33544,7443,16839,504.875,22.9029,0,55,1,19247.19304,32767.19304,0,49.99270919,2.214102501,0.573789442,14.09948065,1331,2324,0
Bath & Body Works Inc,9747.762,610.648,430.638,4156.741,2570.428,400,472.265375,-1.5321,0,38,1,6312.673222,6537.161221,2.038,14.6588857,0.647602313,1.518659263,5.873460217,487,1113,0
Black & Decker Corp/The,4139.9,338,108,4014.2,947.5,1237.4,179.875,-4.3023,0,91,1,3010.439272,4240.739271,1.2721,27.8744377,0.727176809,0.749947504,8.649274467,131.4,490.3,0
Burlington Northern Santa Fe LLC,9208,1780,731,24721,7849,6651,460.125,0.0706,0,152,1,11031.83615,17695.83615,1.6824,15.09143112,1.198070825,0.446253637,6.580824155,1459,2689,0
S&P Global Inc,4474.601,823.266,377.031,5161.191,1853.885,1056.524,913.9765,5.8763,0,141,1,11787.434,13024.761,1.607,31.26383242,2.634298343,2.283859288,13.04296898,116.895,998.604,0
Centex LLC,7492.093,731.36,370.961,8660.9,2147.426,5198.178,-1092.931375,13.594,0,51,1,3468.870153,8224.940152,0.2802,9.351037314,0.46300415,0.400520749,13.17415341,52.442,624.324,0
Tenet Healthcare Corp,12002,1913,558,13423,5301,4356,1256.875,-10.4118,0,26,1,19112.07276,23335.07276,0,34.25102646,1.592407329,1.423830199,13.8734083,601,1682,0
Newell Brands Inc,6909.3,637.6,264.6,7266.1,2434.1,2691.6,789.1845,1.4608,0,98,1,7352.113866,10140.76187,3.0467,27.78576669,1.064089541,1.011837694,10.49333802,249.8,966.4,0
UST LLC,1588.738,833.028,491.602,2011.702,581.062,865.875,500.186375,3.4543,0,15,1,5789.45528,6385.57028,5.2571,11.77671222,3.644059171,2.877889111,7.287600294,47.23,876.224,0
Newmont Corp,1666.706,86.355,-46.644,4141.688,1762.614,1426.869,-104.566125,1.2103,0,85,1,3748.036503,5111.363503,0.6279,-80.35409705,2.248768831,0.90495385,13.17640198,389.964,387.918,0
Merrill Lynch & Co Inc,99.735308,3.74963,3.112282,36.658358,10.197559,2.855454,-1.257977,25.6938,0,13,0,58.04336862,56.09553737,0.8552,18.64977808,0.581974125,1.583359752,12.7313384,0.967355,4.406099,0
NIKE Inc,9603.8,999.8,588.6,6192.7,3772,1223,432.3,3.9764,0,37,1,15107.39212,15986.39212,0.8534,25.66665328,1.573064008,2.43954852,13.01505505,317.6,1228.3,0
NiSource Inc,6270.7,983.3,216.2,17834.4,3601,8924.4,854.5375,38.405,0,154,1,4768.668395,13191.96839,5.0303,22.05674558,0.760468272,0.267385973,8.508202769,525.3,1550.5,0
Norfolk Southern Corp,6170,993,375,19418,6135,7933,127,8.4911,0,21,1,7066.733189,14996.73319,1.3093,18.84462184,1.145337632,0.363926933,9.866271835,746,1520,0
Northrop Grumman Corp,13012,1033,427,20818,7863,5488,-262.5,30.7099,0,62,1,8648.886083,14007.88608,1.5871,20.25500254,0.664685374,0.415452305,8.705957789,367,1609,0
Wm Wrigley Jr Co,2401.419,513.356,362.986,1777.793,1276.197,0,169.7345,7.9273,0,110,1,11580.18683,11237.52383,1.4794,31.90257154,4.822226706,6.51379932,19.31901595,181.76,581.682,0
Perspecta Enterprise Solutions LLC,21033,2183,1363,16353,7090,4728,-275.75,5.964,1,39,1,32496.39402,37378.39402,0.8752,23.84181513,1.545019447,1.987182414,10.19874325,1285,3665,0
PG&E Corp,10450,2710,1099,35963,4802,15624,-1337,-29.1519,0,96,1,6991.003129,16487.00313,0,6.361240336,0.668995515,0.194394326,4.568302336,1347,3609,0
Parker-Hannifin Corp,5940.051,479.657,227.075,5548.818,2585.044,1556.339,363.083125,9.5039,0,84,1,5384.102846,6806.374845,1.5682,23.71068081,0.906406838,0.970315272,7.962777114,334.748,854.774,0
PPL Corp,5115,1336,179,12562,1977,6522,297.25,5.5642,0,81,1,5103.796233,10767.79623,3.0416,28.51282812,0.997809625,0.406288508,6.696390692,881,1608,0
Dow Jones & Co Inc,1181.3,213.2,143.2,1279.9,788.7,157.2,205.175,6.7567,0,94,1,3296.273016,3260.073016,0,23.01866631,2.790377564,2.575414498,12.23751132,27.4,266.4,0
PulteGroup Inc,5389.261,516.774,301.393,5710.893,2276.665,2365.768,-1534.428375,19.6604,0,51,1,2632.187255,4967.584254,0.3581,8.733405404,0.488413394,0.460906421,9.045819699,30.196,549.158,0
PPG Industries Inc,8169,924,387,8452,3202,2395,936.875,1.0823,0,118,1,8708.283678,11340.28368,3.2482,22.50202501,1.066015874,1.030322252,8.271541705,291,1371,0
Progressive Corp/The,7475.5,639.8,411.4,11122.4,3250.7,1095.7,600.35,10.5688,0,64,1,10945.03263,11670.73263,0.1864,26.60435739,1.464120478,0.984053139,16.19136048,74.9,720.8,0
Public Service Enterprise Group Inc,6883,1737,764,25156,4217,13395,-1057.5,-9.0831,0,16,1,8753.201828,21484.20183,5.1196,11.45707046,1.271713181,0.347956823,9.208830616,2029,2333,0
Mellon Financial Corp,904.780944,128.096171,52.477293,2609.787177,1023.559216,1235.267141,-114.087489,24.2069,0,45,0,1405.159106,2430.448508,0.8196,26.77651657,1.553037909,0.53841904,11.43282946,154.633126,212.58504,0
Sabre Holdings Corp,2144.961,-8.709,31.227,2376.017,1261.492,400.375,386.34175,12.3614,0,5,1,5652.958783,5455.997783,0,181.0279176,2.635459938,2.379174384,12.71978184,158.407,428.938,0
Univision Communications Inc,887.87,228.322,52.411,3178.387,1182.78,1754.048,62.584875,13.1826,0,9,1,8500.121109,10282.25311,0,162.1820059,9.573609998,2.674350578,32.90005154,130.188,312.53,0
Hillshire Brands Co/The,16904,1485,1616,13486,1993,5729,1476.5,-1.8645,0,62,1,17413.2903,24062.2903,2.609,10.77555093,1.03012839,1.29121239,10.85353644,532,2217,0
Freeport-McMoRan Corp,1838.866,542.926,113.025,4211.929,659.903,2338.6,364.979875,-1.2922,0,14,1,1185.203786,3822.821785,0,10.48620912,0.644529719,0.281392157,4.623551562,166.972,826.815,0
Peoples Energy LLC,1930.784,157.503,92.823,2755.357,808.837,1020.633,67.387125,37.8676,0,34,1,1344.542286,2519.210285,5.3519,14.48501218,0.696371156,0.487973894,9.655254124,264.202,260.916,0
Schlumberger NV,13755.926,1229.498,522.217,22326.367,9015.38,7230.89,90.74925,28.0076,0,75,1,31635.81752,38592.18552,1.3656,60.57983083,2.299795558,1.416971132,12.42881709,2036.508,3105.057,0
BellSouth LLC,24130,6496,2447,52046,19038,20125,1576.125,-2.1926,0,18,1,71606.34705,90818.34705,1.9921,29.26291257,2.967523707,1.375828057,8.052699686,5997,11278,0
Nokia of America Corp,20527,-6858,-16157,30199,12465,3339,4691.75,-11.1816,1,132,1,21509.7749,25362.7749,0,-1.331297574,1.047877181,0.712267787,-4.995622395,1390,-5077,0
Southwest Airlines Co,5555,618,511,8997.141,4014.053,1841.725,321.775,8.3066,0,34,1,14143.57804,13895.95704,0.0974,27.67823491,2.546098657,1.572008046,14.1940317,998,979,0
Stanley Black & Decker Inc,2393.8,316.2,158.3,2055.7,832.3,494.2,192.0375,-6.7314,0,158,1,3974.89989,4434.599889,2.0614,25.10991718,1.660497907,1.933599207,11.14221078,55.7,398,0
Gateway Inc,5937.896,-207.93,-1031.062,2986.857,1758.193,0,46.77175,-18.5763,1,16,1,2604.661555,1870.110555,0,-2.52619295,0.438650585,0.87204093,-235.1157349,199.493,-7.954,0
SUPERVALU Inc,21743.943,554.297,69.305,6150.719,1904.585,2471.503,124.652875,13.6992,0,130,1,2948.595959,5324.153958,2.5316,42.5452126,0.135605394,0.479390452,5.982215623,397.715,889.997,0
CommScope Technologies LLC,851.084,87.37,56.02,818.649,618.045,70.884,103.566625,7.8351,1,64,1,1787.7563,1785.1903,0,31.91282221,2.100563869,2.183788535,11.1905915,72.065,159.526,0
Sysco Corp,22553.437,1098.331,636.015,5578.795,2232.16,1118.79,460.944125,11.8187,0,32,1,17476.1878,18565.2428,1.0678,27.47763465,0.774879137,3.132609785,14.42776405,341.138,1286.772,0
Biomet Inc,1116.578,344.093,214.786,1562.619,1348.497,57.867,121.904375,11.3784,0,24,1,8331.317598,8193.040598,0.2912,38.78892292,7.461473894,5.331637205,22.78306447,35.261,359.611,0
TECO Energy Inc,2483.3,397.9,303.7,6763.4,1971.6,3470.2,-403,12.0388,0,102,1,3661.714885,6823.414885,5.2591,12.05701312,1.474535854,0.541401497,9.997677487,956.7,682.5,0
Oracle America Inc,14059,-579,-563,17153,9899,2610,-682.375,24.3312,1,19,1,39871.65594,40451.65594,0,-70.81999279,2.836023611,2.324471284,15.02103823,1469,2693,0
Teradyne Inc,1440.581,-246.253,-202.215,2542.391,1764.384,459.502,-357.561,-10.3125,1,41,1,5303.022778,4998.163778,0,-26.22467561,3.681169457,2.085840761,-46.45781269,241.449,-107.585,1
Medimmune LLC,620.664,192.54,148.96,1236.855,1044.273,8.791,124.92475,27.2378,0,14,1,9920.94154,9274.68754,0,66.60137983,15.98439984,8.021103153,45.99079429,18.258,201.664,0
Safeco Corp,6864.6,-87.1,-989.2,31728.7,3634.6,3576.2,-667,1.9694,0,78,1,3980.065621,5736.665621,2.3756,-4.023519633,0.579795709,0.125440551,382.4443747,0,15,0
Tiffany & Co,1617.167,304.804,175.516,1656.793,968.419,396.1,-18.645875,18.9997,0,164,1,4559.909723,4849.605722,0,25.98002303,2.819690065,2.752250718,12.93559344,108.382,374.904,0
TJX Cos Inc/The,10251.591,859.164,480.256,3638.326,1254.649,701.371,108.356625,9.7744,0,14,1,10871.35218,11496.63518,0.4495,22.63657753,1.060455121,2.988009369,10.80889746,257.005,1063.627,0
Johnson Controls International plc,18790.5,972.9,480,10499.8,3258.8,2327,303.0375,6.8528,0,116,0,7070.112788,8846.012788,1.5358,14.72940164,0.376259961,0.673356901,5.989175889,621.5,1477,0
Burlington Resources Inc,3419,1085,561,10582,3525,4337,418.375,21.5799,0,13,1,7536.79348,9560.79348,1.4661,13.43456948,2.204385341,0.712227696,4.77085503,1293,2004,0
Scientific-Atlanta LLC,2111.637,323.359,225.855,1840.694,1396.595,0,328.54575,42.1324,1,50,1,3741.19956,3141.80656,0.167,16.56460809,1.771705819,2.032494027,6.641637216,104.81,473.047,0
United States Steel Corp,6289,-491,-218,8337,2506,1466,247.125,6.5841,0,100,1,1615.339687,4149.339686,2.2087,-7.409815078,0.256851596,0.19375551,-28.22680059,287,-147,0
Walgreens Boots Alliance Inc,25568.2,1442.4,913.1,9696.7,5429.6,689,-417.5875,17.4864,0,100,1,34335.81272,34759.61272,0.4159,37.60356229,1.342910832,3.540979171,20.84534496,1237,1667.5,0
DPH Holdings Corp,26088,418,-396,18602,2312,3353,1213.5,-5.4659,0,7,1,7652.796221,10409.79622,0,-19.32524298,0.293345455,0.411396421,6.638900651,1057,1568,0
Weyerhaeuser Co,14605,986,354,18293,6695,6085,1234.25,6.631,0,101,1,11892.58962,17845.58962,2.958,33.59488593,0.814282069,0.650116964,9.58409754,156,1862,0
Whirlpool Corp,10343,813,21,6967,1585,1462,1180.875,-0.8024,0,90,1,4907.2436,6545.2436,1.8546,233.6782667,0.474450701,0.704355332,5.413766419,378,1209,0
Williams Cos Inc/The,5303.2,1983,-477.7,38614.2,7182.6,11116.6,-532.7375,-8.974,0,93,1,13152.0448,25090.9448,2.8213,-27.53201758,2.480020516,0.34060125,9.996790628,1725.7,2509.9,0
New Cingular Wireless Services Inc,13610,598,-887,41722,19327,6705,-2609.5,33.5833,0,14,1,36361.28735,38108.28735,0,-40.99355959,2.671659615,0.871513527,12.29299592,5205,3100,0
FleetBoston Financial Corp,0.118283,-0.047498,-0.062232,0.254561,-0.018126,0.026129,0.052794,16.1826,0,15,0,0.182518053,0.207277237,0,-2.932864979,1.54306243,0.716991422,-6.505672673,0.000043,-0.031861,0
Pharmacia LLC,13835,2558,1501,22377,12390,3231,1232.375,11.2569,0,100,1,54993.45667,60163.45667,1.2661,36.6378792,3.974951693,2.457588447,18.99099011,1020,3168,0
Northrop Grumman Space & Mission Systems,16383,922,68,14444,2260,5709,1044.5,-1.7419,0,85,1,4677.632177,10988.63218,1.8898,68.78870849,0.285517437,0.323846038,6.552553475,764,1677,0
Concord EFS Inc,1579.944,408.467,216.406,2729.445,1861.997,119.458,470.221625,22.086,1,31,1,16512.69475,15078.98375,0,76.30423719,10.45144306,6.049836048,30.00446466,136.865,502.558,0
ConocoPhillips Holding Co,22755,3553,1661,35217,14345,9304,-1988.625,28.1688,0,84,1,22975.92635,31307.92635,2.3896,13.83258661,1.009708915,0.652410096,6.359521908,3016,4923,0
Cardinal Health Inc,49846.6,1780.3,905.8,16046.6,5863.2,2479.5,-834.9,21.0295,0,22,1,29154.50059,30597.00059,0.1546,32.18646565,0.584884437,1.816864668,16.25252342,341.2,1882.6,0
Palm Inc,1141.041,-500.831,-451.649,1057.56,691.873,0,-477.565375,66.3451,1,9,1,2203.85583,1882.62283,0,-4.879576463,1.931443156,2.08390619,-5.690123346,285.437,-330.858,0
Rio Tinto Alcan Inc,12385,1050,2,17541,8902,4089,889.75,30.039,0,99,0,11515.26657,16340.17131,0,5757.633286,0.929775258,0.6564772,8.510505892,1090,1920,0
Vale Canada Ltd,2066,233,304,9630,5627,840,25.625,-1.1185,0,100,0,3087.87866,4006.435771,0,10.15749559,1.49461697,0.32065199,8.077491474,263,496,0
Placer Dome Inc,2252.965203,58.001847,29.416126,894.49921,208.908741,0,-93.410053,-6.0245,0,13,0,199.0409647,381.2560289,6.5701,6.766389453,0.088346222,0.222516647,4.821558112,58.61847,79.0732,0
Willamette Industries Inc,7.014541,0.513786,0.057005,16.673235,7.378541,4.77918,0.443075,8.9059,0,18,1,7.5769,13.57474,0,132.9164108,1.080170463,0.454434907,10.50239142,0.533883,1.292538,0
Niagara Mohawk Holdings Inc,4791.038,407.345,-78.958,12296.543,3106.999,5406.317,649.300375,6.6289,0,3,1,2841.0552,8267.3352,0,-35.98185364,0.592993669,0.231045034,7.207457022,272.31,1147.053,0
Forest Laboratories Inc,1454.126,397.624,310.588,1809.507,1505.646,0,205.306,40.7157,0,47,1,14583.90461,13858.58361,0,46.95578904,10.02932662,8.059601099,43.31538324,30.872,319.946,0
Jabil Inc,4086.267,159.783,79.15,2363.853,1423.444,370,150.37775,39.0941,1,35,1,4479.12872,4418.47672,0,56.59038181,1.09614196,1.894842327,12.51430782,309.202,353.074,0
McKesson Corp,48419.5,331.9,117.7,12788.9,3783.1,1422.9,-180.9875,18.3791,0,168,1,10695.58485,11815.28485,0.6417,90.87157901,0.220894161,0.836317811,28.23246081,158,418.5,0
Lockheed Martin Corp,23990,1543,-1046,27654,6443,7511,92878.875,-2.0389,0,89,1,20441.46,26356.46,0.9427,-19.54250478,0.852082534,0.739186374,11.13967033,619,2366,0
AmerisourceBergen Corp,23952.938,391.181,165.488,10933.32,2918.053,2264.141,-1263.225125,28.4888,0,0,1,6593.078954,8167.363953,0,39.84022379,0.275251368,0.603026249,27.01785988,23.363,302.295,0
Darden Restaurants Inc,4122.747,351.501,209.157,2321.628,1101.772,623.918,42.252875,7.4481,0,33,1,4125.806636,4608.623635,0.2258,19.7258836,1.000742135,1.777117883,9.626448336,355.139,478.746,0
Rockwell Automation Inc,4113,233,92,3958,1569,933,938,-4.5068,0,98,1,3282.552267,4093.552267,3.6954,35.67991595,0.798091969,0.829346202,7.181670644,157,570,0
Aetna Inc,25190.8,-43.4,-279.6,43196.7,9890.3,2322.7,-196.275,6.8276,0,148,1,4728.426841,5473.62684,0.1212,-16.91139786,0.187704513,0.109462687,9.876627283,142.6,554.2,0
Agilent Technologies Inc,8396,-624,174,7986,5659,0,-538,10.873,0,2,1,13143.10539,11979.10539,0,75.53508845,1.565400833,1.645768268,108.9009581,881,110,0
Texas Instruments Inc,8201,-222,-201,15779,11879,1249,31.125,-8.3293,1,71,1,48501.56864,46773.56864,0.3,-241.3013365,5.914104212,3.073804971,29.12426441,1790,1606,0
Xcel Energy Inc,8724.027,1281.454,794.966,28754.114,6914.547,14667.339,318.56775,6.2669,0,92,1,9584.981133,24385.39313,5.4073,12.05709569,1.098687697,0.333342948,11.66303723,1150.798,2090.827,0
National Semiconductor Corp,1582.6,-56.3,-106.4,2274.4,1725.2,36.8,65.275,3.9047,1,42,1,5416.361516,4661.161516,0,-50.90565335,3.422445037,2.381446323,8.955161414,239.5,520.5,0
Meredith Corp,997.015,110.134,48.129,1415.712,439.304,425,126.489,0.353,0,99,1,1758.12004,2208.80604,0.9537,36.52932826,1.76338374,1.24186278,8.919747689,55.967,247.631,0
New York Times Co/The,3015.958,374.403,444.672,3438.684,1149.653,759.537,449.06275,-0.4975,0,150,1,6557.061188,7227.063188,1.156,14.7458378,2.174122182,1.90685192,12.70717005,90.367,568.739,0
Micron Technology Inc,2788.2,-1810.5,-1243.1,8022.1,6903.3,490.1,-551.0875,23.6303,1,23,1,18577.59283,17430.49283,0,-14.94456828,6.662934089,2.315801701,107.2645712,1488.6,162.5,0
Dynegy Inc/Old,9124,935,399,25168,6905,5674,-1665.55,-23.0531,0,17,1,6105.41185,11153.41185,1.1764,15.30178409,0.669159563,0.242586294,7.871144566,2551,1417,0
BMC Software Inc,1385.5,-187.3,-159.3,2653.6,1551.4,0,298.4,7.5991,1,21,1,3997.91414,3009.01414,0,-25.09676171,2.885538896,1.506600143,8.944750713,182.5,336.4,0
RR Donnelley & Sons Co,5297.76,342.816,24.988,3385.617,888.407,1049.815,418.022625,-1.0943,0,137,1,3399.656398,4456.846397,3.2334,136.0515607,0.641715819,1.004146777,6.246114644,273.34,713.539,0
Kate Spade & Co LLC,3448.522,346.767,192.057,1951.255,1061.352,387.345,238.80025,10.8486,0,25,1,2617.29775,3202.35075,0.9053,13.62771339,0.758962173,1.341340701,7.14399018,82.236,448.258,0
Ashland Global Holdings Inc,7732,120,385,6623,2250,1845,205.125,4.8035,0,77,1,3181.409629,4816.409629,2.9082,8.263401634,0.411460118,0.480357788,15.73990075,186,306,0
Unisys Corp,6018.1,270.1,-67.1,5769.1,2161.3,826.1,255.8625,-10.6877,1,115,1,4001.593629,4676.493629,0,-59.63626869,0.66492641,0.693625285,10.5659594,199.4,442.6,0
Dillard's Inc,8509.491,269.507,36.872,7649.656,2567.576,2951.647,412.953625,5.1271,0,63,1,1339.371568,4249.900568,1,36.32489607,0.157397378,0.175089124,5.888882594,225.525,721.682,0
Automatic Data Processing Inc,6958.612,1557.951,1005.08,17621.282,4867.069,94.895,1154.68225,11.2245,1,52,1,36317.74561,34044.52861,0.696,36.13418396,5.219107721,2.061016084,19.19297002,185.406,1773.802,0
CA Inc,61875.42297,1613.446126,1127.159394,38709.17186,7294.390026,11995.81478,1215.327248,36.3705,0,42,0,36148.21961,47128.36209,0.8561,32.07019327,0.584209657,0.933841203,12.16754043,3025.645592,3873.285841,0
Temple-Inland LLC,16.496212,0.382828,0.053283,17.189141,6.263636,6.454293,-4.119602,91.5548,0,18,0,14.41144195,14.37432048,0,270.4697924,0.873621286,0.838403847,13.05257734,0.583586,1.101263,0
Avaya Inc,6314,235,-388,4421,854,776,5.375,-9.3578,1,1,1,3491.277811,4281.277811,0,-8.998138688,0.55294232,0.789703192,7.727938287,341,554,0
Health Management Associates LLC,1796.489,355.951,205.266,2150.663,1220.823,607.36,273.116125,19.0059,0,24,1,4455.005579,4820.484578,0,21.70357282,2.479840165,2.071456839,11.1697247,73.473,431.567,0
Comverse Technology Inc,1351.712,197.994,185.5,2703.251,1726.627,600,-17.471125,31.4664,1,17,1,4163.840129,3031.837128,0,22.44657751,3.080419593,1.540308365,9.980009704,97.337,303.791,0
Navistar International Corp,6696,-13,-23,7164,1127,2880,-46,-11.669,0,99,1,2345.995376,4144.995376,0,-101.999799,0.350357732,0.327470041,20.31860478,378,204,0
Adobe Inc,1229.72,390.52,205.644,932.173,616.972,0,286.897,10.0467,1,19,1,7364.798497,6783.185496,0.1623,35.81334003,5.989004405,7.900677768,15.16931221,43.174,447.165,0
Amgen Inc,4015.7,1737,1119.7,6443.1,5217.2,322.9,754.425,9.648,0,21,1,59008.6523,56902.4523,0,52.70041288,14.69448721,9.158425649,28.4100316,441.8,2002.9,0
Apple Inc,5731,107,208,6122,3966,315,-183.875,-6.4956,1,24,1,7702.715009,3683.715009,0,37.0322837,1.344043798,1.258202386,-15.78622245,232,-233.35,0
Autodesk Inc,936.504,124.396,96.907,853.173,491.551,0,122.4035,2.3494,1,19,1,2042.396,1614.753,0.6439,21.07583559,2.180872692,2.393882601,7.777294532,32.412,207.624,0
Cintas Corp,2221.437,374.489,229.594,1875.199,1345.146,230.099,219.916125,11.0666,0,33,1,8146.239504,8257.867504,0.4583,35.48106442,3.667103548,4.344200004,18.05223275,147.444,457.443,0
KLA Corp,2127.189,494.681,401.803,2605.56,1820.221,0,549.644,57.9564,1,26,1,9184.418164,8097.428164,0,22.85801292,4.317631468,3.524930596,15.81176879,162.195,512.114,0
Molex LLC/US,1957.218,156.097,101.023,2091.888,1753.941,21.835,134.798625,17.5597,1,63,1,6030.593789,5845.594789,0.3231,59.69525543,3.081206993,2.882847356,10.80428725,376.3,541.044,0
Micro Focus Software Inc,1050.796,-40.636,-272.87,1904.006,1293.103,0,170.8895,-9.1394,1,22,1,1662.406641,1000.62564,0,-6.092302712,1.582045079,0.87310998,21.71873676,33.289,46.072,0
Oracle Corp,10685.579,3738.958,2497.511,10285.46,5705.132,301.969,2735.41675,11.4326,1,24,1,76806.64382,71059.61182,0,30.75327549,7.187878525,7.467497207,17.23492889,313,4123,0
PACCAR Inc,6100.5,230.5,173.6,7913.9,2252.6,3568.1,-1813.775,-17.7653,0,96,1,5035.777373,7723.577373,3.3528,29.00793418,0.825469613,0.636320572,18.81963298,309.3,410.4,0
Costco Wholesale Corp,35626.312,995.794,602.224,11108.813,5119.52,1124.701,-297.4855,12.5777,0,25,1,20078.44158,20495.42958,0,33.34048723,0.563584622,1.807433574,15.84415582,1447.549,1293.564,0
CommScope Connectivity LLC,2402.8,-249.5,-1287.7,2499.7,1893.4,4.7,-216.2375,5.6715,1,66,1,3631.65405,3214.55405,0,-2.820264075,1.511425857,1.45283596,-62.17706093,249.2,-51.7,0
Applied Materials Inc,7343.248,1151.31,507.829,9828.51,7606.737,569.612,852.55975,20.0374,1,34,1,32732.39328,28460.61328,0,64.45554168,4.457481659,3.330351526,18.50156979,769.126,1538.281,0
Bed Bath & Beyond Inc,2795.014,315.921,201.24,1585.205,992.805,0,96.252625,31.6723,0,30,1,9832.238213,9493.468212,0,48.85826979,3.517777805,6.20250265,29.71463157,140.395,319.488,0
Fiserv Inc,2167.682,359.101,208.217,5322.242,1604.826,455.893,326.46875,24.0985,1,17,1,7920.570377,8207.602377,0,38.03997933,3.653935576,1.488201847,17.414926,104.609,471.297,0
Maxim Integrated Products Inc,1202.521,448.652,217.538,2268.578,1998.624,0,31.6655,25.3847,1,18,1,16958.31047,15883.18147,0,77.95562371,14.10229881,7.47530412,21.18107723,336.545,749.876,0
Paychex Inc,925.247,358.865,273.004,2772.54,846.572,0,-1664.776375,20.6782,1,30,1,13059.70596,12399.52296,1.2625,47.83704985,14.11483199,4.710376029,34.14520243,45.25,363.141,0
PTC Inc,898.024,16.514,-28.432,770.711,390.423,0,55.59025,-5.8466,1,16,1,2034.798988,1785.700987,0,-71.56721258,2.265862592,2.640158228,15.81231891,61.388,112.931,0
QUALCOMM Inc,2723.219,618.597,-19.62,6332.453,5215.264,0,745.46625,-17.5006,1,16,1,38603.16283,36028.53783,0,-1967.541429,14.17556312,6.096083592,38.38850987,114.191,938.524,0
Starbucks Corp,2786.928,274.588,200.57,1964.446,1500.779,64.551,23.2985,25.3152,0,30,1,7243.945723,7096.795722,0,36.11679575,2.599258296,3.687526011,16.24478838,384.215,436.866,0
T Rowe Price Group Inc,996.457,312.242,195.868,1313.115,1077.825,103.889,204.16575,-2.0727,0,64,1,4287.684462,4247.035462,1.7276,21.89068384,4.302929742,3.265277194,10.81413557,41.375,392.73,0
Xilinx Inc,1149.101,14.113,-310.002,2228.07,1860.73,0,18.7025,58.3239,1,17,1,13043.72944,12667.00344,0,-42.07627511,11.35124714,5.854272728,22.80255808,222.67,555.508,0
Compuware Corp,1846.513,204.883,137.25,2246.214,1492.55,0,256.70575,11.4507,1,28,1,4384.322588,4164.090588,0,31.94406257,2.374379486,1.951872167,12.60420975,39.803,330.373,0
Intuit Inc,1119.201,-14.386,-141.455,2854,2055.01,125.479,-53.67725,7.9576,1,18,1,9072.093086,7691.798085,0,-64.13412807,8.105865779,3.178729182,35.61116552,48.41,215.994,0
Sanmina Corp,3698.938,95.356,-120.728,10105.834,6102.942,2389.243,-922.419375,24.3776,1,21,1,6344.87538,6190.89238,0,-52.55512706,1.715323528,0.627842826,13.56970377,187.531,456.229,0
Viavi Solutions Inc,2135.9,-4747,-57564.8,8978.7,7699.9,5.7,1472.225,238.1035,1,78,1,11840.38292,10096.98292,0,-0.205687902,5.543509959,1.318719071,38.65613676,735.3,261.2,0
QLogic LLC,353.036,96.218,77.313,633.544,594.403,0,86.77725,71.491,1,9,1,4124.028613,3703.566613,0,53.34198146,11.68160928,6.509458874,28.09052071,16.705,131.844,0
NetApp Inc,909.391,33.105,22.826,1035.776,814.952,0,0.690625,86.4554,1,9,1,7241.834401,6908.569401,0,317.2625252,7.963389126,6.991699365,38.68071667,83.685,178.605,0
Ciena Corp,1603.229,41.048,-1794.062,3317.301,2128.982,863.883,-95.311375,82.3627,1,9,1,4693.998451,4257.39745,0,-2.616408157,2.927840284,1.415005286,11.46792258,238.544,371.244,0
Applied Micro Circuits Corp,243.807,-705.651,-3709.162,1949.852,1821.125,2.635,103.493375,103.6671,1,22,1,3377.105562,2262.789561,0,-0.910476696,13.85155292,1.731980459,26.15578834,78.564,86.512,0
Worthington Industries Inc,1704.444,76.105,41.816,1427.351,645.83,299.073,149.99325,1.7717,0,46,1,1212.555395,1515.217395,4.507,28.99740279,0.711408175,0.849514517,10.65254074,62.9,142.24,0
Devon Energy Corp,2864,1172,103,13184,3259,6589,-2790,49.6997,0,30,1,4870.4411,6579.5121,0.5174,47.28583592,1.70057301,0.369420593,2.181535842,5235,3016,0
American Greetings Corp,2028.483,90.366,-236.876,2880.304,915.329,1030.295,429.6235,-2.197,0,95,1,880.721557,1797.399556,2.9027,-3.718070032,0.43417744,0.30577382,6.685386383,74.382,268.855,0
Microchip Communications LLC,258.226,-249.076,-246.859,1755.433,1237.047,443.378,-55.168375,16.7461,1,17,1,2485.21691,2811.42091,0,-10.06735387,9.624193187,1.415728718,-622.5467028,148.236,-4.516,0
